{"pp_favicon":"http:\/\/themes.themegoods2.com\/rigel\/demo\/wp-content\/uploads\/2014\/04\/TG-Thumb.png","pp_animation_fade":"true","pp_contact_email":"","pp_ga_code":"","pp_before_head_code":"","pp_before_body_code":"","pp_enable_top_bar":"true","pp_top_bar_social_display":"true","pp_top_bar_search_display":"true","pp_blog_ajax_search":"true","pp_top_bar_bg":"#333333","pp_top_bar_border":"#333333","pp_top_bar_font_color":"#cccccc","pp_top_bar_social_color":"#cccccc","pp_top_bar_social_original":"true","pp_enable_breaking":"true","pp_breaking_cat":"12","pp_breaking_items":"3","pp_breaking_news_font":"Open+Sans","pp_top_bar_breaking_header_font_color":"#ffffff","pp_top_banner":"<img src=\\\"http:\/\/themes.themegoods2.com\/rigel\/demo\/wp-content\/uploads\/2014\/04\/728x90ad.png\\\" alt=\\\"\\\"\/>","pp_logo":"","pp_retina_logo":"http:\/\/themes.themegoods2.com\/rigel\/demo\/wp-content\/uploads\/2014\/05\/rigel.png","pp_logo_alignment":"left","pp_logo_bg":"#ffffff","pp_logo_margintop":"35","pp_fixed_menu":"true","pp_menu_width":"fixed_width","pp_menu_font":"Open+Sans","pp_menu_font_size":"13","pp_menu_font_upper":"true","pp_menu_font_bold":"true","pp_submenu_font_size":"13","pp_menu_bg":"#109be6","pp_menu_border":"0","pp_menu_border_color":"#ebebeb","pp_menu_font_color":"#ffffff","pp_menu_active_style":"background","pp_menu_active_bg_color":"#148ecf","pp_menu_active_font_color":"#ffffff","pp_sub_menu_bg":"#ffffff","pp_sub_menu_border":"#ebebeb","pp_sub_menu_font_color":"#555555","pp_sub_menu_active_bg_color":"#f4b811","pp_mega_menu_widget_font_color":"#000000","pp_sidebar0":"","pp_sidebar_title_font_size":"13","pp_sidebar_title_upper":"true","pp_sidebar_title_bold":"true","pp_sidebar_title_font":"Open+Sans","pp_widget_header_font_color":"#000000","pp_widget_header_bg_color":"#ebebeb","pp_footer_banner":"","pp_footer_display_sidebar":"true","pp_footer_text":"Copyright Rigel Premium Magazine Theme All Right Reserved.","pp_footer_bg":"#000000","pp_footer_header_color":"#f4b811","pp_footer_font":"#cccccc","pp_footer_link_color":"#ffffff","pp_footer_hover_link_color":"#ffffff","pp_footer_element_border":"#555555","pp_copyright_bg":"#212121","pp_copyright_font":"#cccccc","pp_copyright_link_color":"#cccccc","pp_copyright_hover_color":"#f4b811","pp_enable_responsive":"true","pp_disable_mobile_animation":false,"pp_mobile_menu_bg_color":"#000000","pp_mobile_menu_font_color":"#999999","pp_mobile_menu_hover_font_color":"#222222","pp_mobile_menu_border_color":"#333333","pp_layout":"boxed","pp_boxed_bg_image":"http:\/\/themes.themegoods2.com\/rigel\/demo\/wp-content\/uploads\/2014\/05\/shutterstock_83069308.jpg","pp_boxed_bg_image_cover":"true","pp_boxed_bg_image_repeat":"no-repeat","pp_boxed_bg_color":"#ebebeb","pp_ggfont0":"","pp_body_font_size":"14","pp_body_font":"Open+Sans","pp_header_tags_font":"Open+Sans","pp_header_tags_font_bold":"true","pp_h1_size":"26","pp_h2_size":"24","pp_h3_size":"22","pp_h4_size":"20","pp_h5_size":"18","pp_h6_size":"16","pp_ppb_header_font":"Open+Sans","pp_ppb_header_font_size":"25","pp_ppb_desc_font":"Open+Sans","pp_ppb_desc_font_size":"11","pp_post_header_font":"Open+Sans","pp_page_header_font":"Open+Sans","pp_page_header_font_size":"26","pp_button_font":"Open+Sans","pp_slider_auto":"true","pp_slider_items":"50","pp_slider_timer":"7","pp_skin_color":"#f4b811","pp_content_font_color":"#555555","pp_content_link_color":"#000000","pp_header_font_color":"#000000","pp_archive_layout":"2","pp_category_layout":"2","pp_search_layout":"1-search","pp_tag_layout":"2","pp_author_layout":"2-noexcerpt","pp_blog_advance_pagination":"true","pp_social_sharing":"true","pp_blog_display_editor_review":"true","pp_blog_display_author":"true","pp_blog_display_related":"true","pp_blog_single_ft_image":"true","pp_blog_more_story":"true","pp_blog_tags":"true","pp_blog_categories":"true","pp_blog_next_prev":"true","pp_facebook_username":"envato","pp_twitter_username":"envato","pp_google_username":"#","pp_flickr_username":"","pp_youtube_username":"UC67my-dfCl5oFeG2o8jM0nw","pp_vimeo_username":"","pp_dribbble_username":"","pp_linkedin_username":"#","pp_tumblr_username":"","pp_pinterest_username":"#","pp_instagram_username":"","pp_twitter_consumer_key":"HKetfJKRLw4BplPcjTpPjA","pp_twitter_consumer_secret":"W3I7KpF982UKHNKPtN2Ef3CpTOQVOMXauo3cCm6cY","pp_twitter_consumer_token":"161537024-P9CC2YBNFAviDjxq4mhWemt7vzYfXGknfd9faQK1","pp_twitter_consumer_token_secret":"h5dRHZkq6MJD0c7Mu9DIgN901LrwhVCfGiASEvU3r4","pp_custom_css":"","pp_advance_combine_css":"true","pp_advance_combine_js":"true","pp_advance_clear_cache":false,"pp_import_current":false,"pp_export_current":"0"}